id,url,speaker,body,subreddit
9c8amk,/r/singapore/comments/9c8amk/what_are_your_biggest_complaints_about_singapore/,rt2236,"['went', 'visit', 'days', 'ioved', 'find', 'negatives', 'small', 'place', 'also', 'visitor', 'perspective', 'entirely', 'different', 'someone', 'lives', 'there']",singapore
9ca0yk,/r/singapore/comments/9ca0yk/worst_taxi_driver_youve_ever_encountered/,Im_Tsuikyit,"['time', 'family', 'returned', 'japan', 'needed', 'load', 'baggage', 'prime', 'turned', 'refused', 'take', 'live', 'tampines', 'that', 'extremely', 'rude', 'plus', 'started', 'arguing', 'neighbouring', 'taxi', 'drivers', 'airport', 'marshalls', 'promptly', 'told', 'leave', 'luckily', 'another', 'taxi', 'turned', 'driver', 'round', 'super', 'friendly']",singapore
9dhcnh,/r/singapore/comments/9dhcnh/what_is_the_dumbest_thing_for_which_you_have_been/,XanPercyCheck,"['inspired', 'comment', 'said', 'called', 'police', 'told', 'classmate', 'naughty', 'created', 'post', 'share', 'experiences', 'kias', 'primary', 'would', 'weird', 'would', 'pull', 'pants', 'knee', 'hold', 'dick', 'hand', 'instead', 'would', 'hands', 'hips', 'kind', 'thrust', 'pelvis', 'toward', 'urinal', 'closer', 'boys', 'would', 'make', 'pretending', 'pose', 'told', 'teacher', 'exactly', 'making', 'this', 'female', 'teacher', 'telling', 'stands', 'pees', 'mean', 'making', 'that', 'luckily', 'told', 'involved', 'talk', 'another', 'action', 'taken', 'what', 'dumbest', 'thing', 'tattled']",singapore
9dhek8,/r/singapore/comments/9dhek8/anyone_else_stranded_on_hokkaido/,creamyhorror,"['entire', 'island', 'power', 'water', 'petrol', 'sales', 'stopped', 'every', 'building', 'dark', 'traffic', 'lights', 'street', 'lights', 'working', 'overnighting', 'obihiro', 'near', 'hakurindai', 'station', 'hope', 'manage', 'things', 'restored', 'soon', 'days', 'even', 'week', 'knows']",singapore
9e26l0,/r/singapore/comments/9e26l0/do_singaporeans_engage_in_dark_tourism_why_or_why/,DR_Speedster,"['just', 'question', 'school', 'project', 'would', 'really', 'appreciate', 'detailed', 'answers', 'thanks']",singapore
9e4u9b,/r/singapore/comments/9e4u9b/the_377a_divide/,Mynxs,"['petitions', 'against', 'unless', 'theres', 'actual', 'referendum', 'petitions', 'probably', 'gonna', 'best', 'census', 'camp', 'actually', 'larger', 'sign', 'away']",singapore
9e4xmr,/r/singapore/comments/9e4xmr/do_men_in_singapore_feel_like_they_are/,ceyyyyy,"['like', 'civil', 'discussion', 'women', 'thoughts', 'find', 'singapore', 'quite', 'biased', 'unfair', 'furthmore', 'required', 'enlist', 'years', 'continue', 'reservist', 'definitely', 'affects', 'career', 'please', 'comment', 'lets', 'civil', 'discussion', 'edit', 'think', 'many', 'comments', 'discussions', 'this', 'quite', 'hard', 'discuss', 'everyone', 'this', 'really', 'eyeopening', 'think', 'really', 'point', 'view', 'people', 'daily', 'lives']",singapore
9ffuom,/r/singapore/comments/9ffuom/parents_of_rsg_what_do_you_wish_you_did_or_did/,stonehallow,"['stuff', 'bucket', 'list', 'things', 'never', 'knew', 'miss']",singapore
9foqc1,/r/singapore/comments/9foqc1/serious_what_are_some_non_politically_correct/,KOREANPUBLICSCHOOL,"['what', 'politically', 'correct', 'opinions', 'singaporesingaporeans', 'strongly', 'believe', 'would', 'never', 'tell', 'anyone', 'know', 'social', 'backlash', 'edit', 'sort', 'controversial', 'best', 'viewing', 'experience']",singapore
9fx7hj,/r/singapore/comments/9fx7hj/bad_experience_at_changi_airport_should_i_be/,j-dawgz,"['lived', 'singapore', 'life', 'family', 'never', 'became', 'permanent', 'residents', 'after', 'graduating', 'high', 'school', 'went', 'abroad', 'college', 'visit', 'family', 'shortterm', 'passes', 'summerwinter', 'breaks', 'spent', 'weeks', 'back', 'singapore', 'summer', 'going', 'hong', 'kong', 'visit', 'friend', 'week', 'after', 'came', 'back', 'since', 'school', 'start', 'later', 'month', 'when', 'immigration', 'lady', 'immediately', 'unfriendly', 'encountered', 'fair', 'share', 'unfriendly', 'airport', 'agents', 'everything', 'usually', 'turned', 'fine', 'asked', 'sorta', 'questions', 'usually', 'time', 'misunderstood', 'question', 'hear', 'something', 'shed', 'raise', 'voice', 'give', 'rude', 'response', 'even', 'done', 'anything', 'seemed', 'generally', 'pissed', 'whatever', 'reason', 'since', 'like', 'tired', 'tried', 'polite', 'could', 'move', 'home', 'soon', 'possible', 'took', 'phone', 'check', 'time', 'turned', 'made', 'click', 'sound', 'just', 'like', 'iphones', 'lady', 'heard', 'demeanor', 'suddenly', 'flipped', 'accused', 'taking', 'photo', 'even', 'though', 'didnt', 'demanded', 'delete', 'showed', 'photo', 'phone', 'could', 'photo', 'grabbed', 'phone', 'went', 'herself', 'when', 'gave', 'back', 'even', 'showed', 'click', 'phone', 'turning', 'completely', 'ignored', 'from', 'behavior', 'much', 'worse', 'questions', 'accusatory', 'noticed', 'singapore', 'last', 'week', 'asked', 'back', 'soon', 'told', 'family', 'lives', 'here', 'even', 'return', 'ticket', 'back', 'school', 'told', 'needed', 'office', 'secondary', 'inspection', 'detained', 'move', 'know', 'asked', 'follow', 'yelled', 'back', 'else', 'supposed', 'follow', 'then', 'passing', 'travelers', 'waiting', 'line', 'immigration', 'yelled', 'traveling', 'throw', 'tantrums', 'everyone', 'hear', 'humiliate', 'like', 'that', 'tantrums', 'assume', 'referring', 'imaginary', 'photo', 'took', 'could', 'later', 'shame', 'social', 'media', 'whatever', 'anyway', 'took', 'another', 'counter', 'getting', 'pretty', 'nervous', 'started', 'tapping', 'fingers', 'counter', 'male', 'agent', 'gave', 'hard', 'look', 'harsh', 'tone', 'told', 'stop', 'point', 'worried', 'agents', 'would', 'treat', 'like', 'sort', 'suspicious', 'criminal', 'thankfully', 'actual', 'agents', 'secondary', 'inspection', 'much', 'polite', 'they', 'asked', 'questions', 'asked', 'moms', 'details', 'phone', 'number', 'contact', 'confirm', 'answers', 'gave', 'address', 'status', 'student', 'even', 'fact', 'they', 'took', 'waiting', 'room', 'called', 'eventually', 'came', 'back', 'told', 'free', 'pass', 'asked', 'trouble', 'they', 'told', 'normal', 'immigration', 'protocol', 'even', 'though', 'nothing', 'felt', 'remotely', 'normal', 'after', 'whole', 'experience', 'felt', 'really', 'dehumanized', 'used', 'think', 'singapore', 'home', 'feels', 'like', 'even', 'allowed', 'here', 'filipino', 'know', 'kind', 'flag', 'figured', 'since', 'used', 'live', 'even', 'family', 'living', 'issues', 'still', 'plan', 'visiting', 'family', 'future', 'likely', 'twice', 'year', 'worried', 'whole', 'situation', 'affecting', 'travel', 'plans', 'will', 'flagged', 'suspicious', 'person', 'whenever', 'come', 'back', 'wondering', 'immigration', 'agent', 'couldve', 'even', 'flagged', 'difficult', 'insubordinate', 'something', 'scared', 'mark', 'record', 'going', 'whole', 'thing', 'again']",singapore
9hl2ta,/r/singapore/comments/9hl2ta/singaporeans_who_live_overseas_do_singaporeans/,hotgarbagecomics,"['know', 'singaporeans', 'love', 'saying', 'complaining', 'national', 'pastime', 'disagree', 'notion', 'defining', 'trait', 'singaporeans', 'defining', 'trait', 'anyone', 'phone', 'talked', 'people', 'recently', 'days', 'whose', 'impression', 'singaporeans', 'complain', 'much', 'internet', 'usually', 'counter', 'different', 'whiny', 'comments', 'popular', 'news', 'articles', 'country', 'foreigner', 'myself', 'find', 'social', 'media', 'comments', 'home', 'country', 'india', 'news', 'posts', 'worse', 'singapore', 'sheer', 'amount', 'pettiness', 'whininess', 'stupidity', 'negativity', 'staggering', 'multiple', 'languages', 'that', 'said', 'comments', 'daily', 'singaporeans', 'getting', 'flak', 'whiny', 'comments', 'whiny', 'singaporean', 'perception', 'really', 'accurate', 'local', 'singaporeans', 'lived', 'outside', 'traveling', 'really', 'count', 'imho', 'would', 'definitely', 'true', 'local', 'population', 'limited', 'exposure', 'breadandbutter', 'issues', 'countries', 'easy', 'assume', 'common', 'behaviour', 'uniquely', 'singaporean', 'singaporeans', 'live', 'overseas', 'though', 'think', 'edit', 'sorry', 'wording', 'little', 'confusing', 'question', 'essentially', 'singaporeans', 'whine', 'domestic', 'issues', 'singapore', 'cost', 'living', 'transport', 'breakdowns', 'british', 'similar', 'things', 'germans', 'germany', 'venezuelans', 'venezuela']",singapore
9hpfza,/r/singapore/comments/9hpfza/going_back_to_school_how_bad_will_i_get/,Eifand,"['take', 'extent', 'deserve', 'accept', 'want', 'know', 'also', 'know', 'anyone', 'else', 'would', 'rather', 'disclose', 'going', 'back', 'poly', 'advanced', 'although', 'necessarily', 'reason', 'feel', 'right', 'thing', 'right', 'course', 'terms', 'want', 'living', 'would', 'rather', 'behind', 'path', 'right', 'ahead', 'path', 'wrong', 'also', 'obviously', 'working', 'study', 'part', 'time']",singapore
9hxoot,/r/singapore/comments/9hxoot/does_what_you_do_in_ns_truly_matter_in_your_life/,UncomfortablePrawn,"['feeling', 'little', 'performance', 'lately', 'fitness', 'mainly', 'feel', 'like', 'care', 'much', 'even', 'spec', 'course', 'vetos', 'feel', 'like', 'important', 'really', 'stop', 'feeling', 'little', 'disappointed', 'many', 'people', 'nobody', 'cares', 'outside', 'think']",singapore
9hyuit,/r/singapore/comments/9hyuit/very_good_curry_puffs/,frankchongszehong,"['just', 'people', 'know', 'canberra', 'block', 'coffeeshop', 'malay', 'auntie', 'sell', 'superb', 'bagus', 'curry', 'potato', 'puffs', 'sardine', 'puffs', 'each', 'well', 'stuffed', 'nice', 'used', 'operate', 'woodland', 'interchange', 'relocated', 'stay', 'around', 'area', 'come', 'super', 'worth']",singapore
9igwpw,/r/singapore/comments/9igwpw/crushes_during_prisec_sch_or_jc/,Tokageron,"['share', 'interesting', 'love', 'stories', 'school', 'days', 'disclaimer', 'title', 'misleading', 'limited']",singapore
9iqz30,/r/singapore/comments/9iqz30/youth_in_singapore_shunning_religion_an_old/,DrCalFun,"['really', 'interesting', 'different', 'religious', 'group', 'representatives', 'reacthttpswwwstraitstimescomsingaporeyouthinsingaporeshunningreligion']",singapore
9ix395,/r/singapore/comments/9ix395/rsingapore_what_are_you_watching_on_netflix_or/,greenapplejellybean,"['need', 'recommendations', 'bingeing', 'bojack', 'season', 'recommendations', 'welcomed']",singapore
9izhs6,/r/singapore/comments/9izhs6/singapore_is_2nd_most_visited_city_in_asiapacific/,Angryangmo,"['almost', 'million', 'tourists', 'visited', 'singapore', 'helping', 'country', 'retain', 'position', 'fifth', 'visited', 'global', 'destination', 'cities', 'second', 'visited', 'asiapacific', 'behind', 'bangkok', 'based', 'latest', 'mastercard', 'global', 'destination', 'cities', 'index', 'released', 'tuesday', 'sept', 'singapore', 'also', 'topped', 'table', 'tourist', 'spending', 'asiapacific', 'region', 'fourth', 'globally', 'second', 'year', 'visitors', 'spent', 'average', 'here', 'resulting', 'total', 'billion', 'spent']",singapore
9jcjhi,/r/singapore/comments/9jcjhi/why_is_there_so_much_resentment_towards_suss/,harder2breathe,"['full', 'time', 'part', 'time', 'students', 'things', 'change', 'better', 'autonomous', 'status', 'considering', 'joining', 'next', 'year']",singapore
e58slx0,/r/singapore/comments/9c8amk/what_are_your_biggest_complaints_about_singapore/e58slx0/,RedFaceGeneral,"['fucking', 'weather']",singapore
e58yrci,/r/singapore/comments/9c8amk/what_are_your_biggest_complaints_about_singapore/e58yrci/,Eskipony,"['build', 'dome', 'around', 'singapore', 'condition', 'whole', 'country']",singapore
e58zijd,/r/singapore/comments/9c8amk/what_are_your_biggest_complaints_about_singapore/e58zijd/,MinisterforFun,"['maybe', 'dubai', 'does', 'stops']",singapore
e58zm42,/r/singapore/comments/9c8amk/what_are_your_biggest_complaints_about_singapore/e58zm42/,Im_Tsuikyit,"['conditioning', 'stops']",singapore
e58zojs,/r/singapore/comments/9c8amk/what_are_your_biggest_complaints_about_singapore/e58zojs/,HighGeneral,['malaysia'],singapore
e58zrtb,/r/singapore/comments/9c8amk/what_are_your_biggest_complaints_about_singapore/e58zrtb/,MinisterforFun,[],singapore
e5905kh,/r/singapore/comments/9c8amk/what_are_your_biggest_complaints_about_singapore/e5905kh/,841632,"['well', 'interchange']",singapore
e592b8v,/r/singapore/comments/9c8amk/what_are_your_biggest_complaints_about_singapore/e592b8v/,deioped,"['been', 'there', 'outside', 'really', 'walks', 'really', 'fucking', 'even', 'peak', 'season', 'stop', 'resting', 'point', 'walking', 'street', 'prevent', 'overheating']",singapore
e59by9q,/r/singapore/comments/9c8amk/what_are_your_biggest_complaints_about_singapore/e59by9q/,FyreSigno,"['this', 'always', 'thought', 'little', 'shall', 'share', 'dreams', 'rest', 'world']",singapore
e5awmll,/r/singapore/comments/9c8amk/what_are_your_biggest_complaints_about_singapore/e5awmll/,Nicollier88,"['currently', 'trial', 'checkout', 'stop', 'infront', 'plaza', 'sing']",singapore
e5azb06,/r/singapore/comments/9c8amk/what_are_your_biggest_complaints_about_singapore/e5azb06/,MinisterforFun,"['sounds', 'like', 'blowing', 'cold', 'thoughwhereas', 'closed', 'environment', 'contained', 'different', 'mean', 'different', 'fans', 'spraying', 'mist', 'something']",singapore
e594ur8,/r/singapore/comments/9c716m/rsingapore_random_discussion_and_small_questions/e594ur8/,belmont_lay,"['spoil', 'kpop', 'fangirls', 'tell', 'want', 'send', 'dragon', 'shell', 'expecting', 'something', 'like', 'send', 'candid', 'pics', 'without', 'amazing', 'makeup', 'guys', 'girls']",singapore
e594xde,/r/singapore/comments/9c716m/rsingapore_random_discussion_and_small_questions/e594xde/,littlefiredragon,"['candid', 'pics', 'look', 'better']",singapore
e594y7f,/r/singapore/comments/9c716m/rsingapore_random_discussion_and_small_questions/e594y7f/,belmont_lay,"['looks', 'like', 'random', 'extra']",singapore
e594yh7,/r/singapore/comments/9c716m/rsingapore_random_discussion_and_small_questions/e594yh7/,rheinl,"['kpop', 'girl', 'send', 'what', 'hell', 'weird', 'sends', 'gdragon', 'makeup', 'thanks', 'jesus', 'hope', 'never', 'talks', 'again']",singapore
e5951iv,/r/singapore/comments/9c716m/rsingapore_random_discussion_and_small_questions/e5951iv/,belmont_lay,"['sorry', 'thats', 'interactions', 'friends']",singapore
e5955h5,/r/singapore/comments/9c716m/rsingapore_random_discussion_and_small_questions/e5955h5/,rheinl,"['kpop', 'girl', 'send', 'wait', 'please', 'send', 'right', 'sends', 'gdragon', 'make', 'spoilt']",singapore
e595669,/r/singapore/comments/9c716m/rsingapore_random_discussion_and_small_questions/e595669/,ThenPoem,"['both', 'ugly']",singapore
e595bf1,/r/singapore/comments/9c716m/rsingapore_random_discussion_and_small_questions/e595bf1/,sea_lecture,"['bruh', 'even', 'like', 'gdragon', 'comment', 'accurate', 'describing', 'come', 'socially', 'awkward', 'neckbeard', 'talked', 'like', 'girl']",singapore
e596s8g,/r/singapore/comments/9c716m/rsingapore_random_discussion_and_small_questions/e596s8g/,brianne0007,['lmao'],singapore
e598thd,/r/singapore/comments/9c716m/rsingapore_random_discussion_and_small_questions/e598thd/,tauhuayislove,"['ohhhh', 'emmm', 'geeeee']",singapore
e5amqqg,/r/singapore/comments/9c716m/rsingapore_random_discussion_and_small_questions/e5amqqg/,belmont_lay,"['bruh', 'stupid', 'think', 'talked', 'friends', 'manner', 'posted', 'wrote', 'condensed', 'version', 'verbatim', 'result', 'people', 'surprised', 'idols', 'look', 'without', 'make', 'nothing', 'awkward', 'think', 'people', 'subreddit', 'project', 'much', 'comes', 'social', 'awkwardness', 'based', 'inadequacies']",singapore
e5amzrl,/r/singapore/comments/9c716m/rsingapore_random_discussion_and_small_questions/e5amzrl/,belmont_lay,"['sorry', 'thats', 'interactions', 'friends', 'thats', 'whatsapps', 'friends', 'happened']",singapore
e5as1ya,/r/singapore/comments/9c716m/rsingapore_random_discussion_and_small_questions/e5as1ya/,sea_lecture,"['think', 'talked', 'friends', 'manner', 'posted', 'good', 'thing', 'actually', 'think', 'that', 'fact', 'even', 'fantasising', 'joking', 'says', 'come', 'loser', 'know', 'speak', 'women', 'without', 'scaring', 'thats', 'fact', 'loser']",singapore
e5988ip,/r/singapore/comments/9ca0yk/worst_taxi_driver_youve_ever_encountered/e5988ip/,KimjioSenpai,"['taxis', 'queuing', 'airport', 'hates', 'tampines', 'pasir', 'simei', 'queued', 'hours', 'paltry', 'fare']",singapore
e59ci39,/r/singapore/comments/9ca0yk/worst_taxi_driver_youve_ever_encountered/e59ci39/,jlonso,"['know', 'taxis', 'queued', 'airport', 'that', 'long']",singapore
e59ffjw,/r/singapore/comments/9ca0yk/worst_taxi_driver_youve_ever_encountered/e59ffjw/,nelsonmurdock,"['live', 'west', 'could', 'always', 'sense', 'glee', 'tell', 'destination']",singapore
e59g7du,/r/singapore/comments/9ca0yk/worst_taxi_driver_youve_ever_encountered/e59g7du/,KimjioSenpai,"['queue', 'night']",singapore
e59hcpu,/r/singapore/comments/9ca0yk/worst_taxi_driver_youve_ever_encountered/e59hcpu/,tinofee,"['used', 'give', 'ones', 'make', 'noise', 'fare', 'grab', 'back']",singapore
e59ieui,/r/singapore/comments/9ca0yk/worst_taxi_driver_youve_ever_encountered/e59ieui/,caipngnopng,"['they', 'queue', 'hours']",singapore
e5a5q6k,/r/singapore/comments/9ca0yk/worst_taxi_driver_youve_ever_encountered/e5a5q6k/,theronzz,"['queue', 'long', 'make', 'sense', 'pick', 'fares', 'elsewhere']",singapore
e5asrd3,/r/singapore/comments/9ca0yk/worst_taxi_driver_youve_ever_encountered/e5asrd3/,winfong1803,"['hours', 'especially', 'noobie', 'queue', 'dead', 'hours', 'like', 'till', 'next', 'flight', 'comes', 'backing', 'locked', 'inside', 'queue', 'source', 'taxi', 'driver']",singapore
e5at10f,/r/singapore/comments/9ca0yk/worst_taxi_driver_youve_ever_encountered/e5at10f/,Im_Tsuikyit,"['hopefully', 'taxi', 'haha']",singapore
e5b05bz,/r/singapore/comments/9ca0yk/worst_taxi_driver_youve_ever_encountered/e5b05bz/,Ryuuki,"['they', 'happy', 'heck', 'same', 'here']",singapore
e5at1yb,/r/singapore/comments/9cfz10/rsingapore_random_discussion_and_small_questions/e5at1yb/,peanut31,"['teaching', 'private', 'tuition', 'weekend', 'tips', 'pointers', 'conducting', 'good', 'class', 'private']",singapore
e5auc4l,/r/singapore/comments/9cfz10/rsingapore_random_discussion_and_small_questions/e5auc4l/,xinjingrushui,"['prioritize', 'well', 'also', 'personable', 'overly', 'serious']",singapore
e5auqdp,/r/singapore/comments/9cfz10/rsingapore_random_discussion_and_small_questions/e5auqdp/,EndeavourBeaver,"['play', 'good']",singapore
e5av56e,/r/singapore/comments/9cfz10/rsingapore_random_discussion_and_small_questions/e5av56e/,MaddST,"['nabei', 'wake', 'idea', 'what']",singapore
e5av8o9,/r/singapore/comments/9cfz10/rsingapore_random_discussion_and_small_questions/e5av8o9/,peanut31,"['kids', 'unruly']",singapore
e5ax3uz,/r/singapore/comments/9cfz10/rsingapore_random_discussion_and_small_questions/e5ax3uz/,EndeavourBeaver,"['unethical', 'talk', 'shit', 'school', 'teacher', 'become', 'good', 'learn', 'trust', 'work', 'approval']",singapore
e5ayhbf,/r/singapore/comments/9cfz10/rsingapore_random_discussion_and_small_questions/e5ayhbf/,12yoKoreanGrill,"['friendly', 'kids', 'draw', 'line', 'tutor', 'friend', 'sauce', 'tutoring']",singapore
e5ayjip,/r/singapore/comments/9cfz10/rsingapore_random_discussion_and_small_questions/e5ayjip/,peanut31,"['terrible', 'stern', 'last', 'time', 'thought', 'playing', 'country', 'eraser']",singapore
e5b0iko,/r/singapore/comments/9cfz10/rsingapore_random_discussion_and_small_questions/e5b0iko/,prissyme,"['almond', 'longan', 'jelly', 'dessert', 'drop', 'mouth']",singapore
e5b4kml,/r/singapore/comments/9cfz10/rsingapore_random_discussion_and_small_questions/e5b4kml/,MaddST,"['disgusting', 'mouth', 'hole']",singapore
e5d0441,/r/singapore/comments/9crqp2/pj_thum_says_he_is_not_a_traitor_but_suspicions/e5d0441/,ILikeWhiteMen,"['repost', 'comment', 'thread', 'care', 'thum', 'wish', 'kirsten', 'would', 'fuck', 'right', 'malaysia', 'forever', 'singaporean', 'politician', 'member', 'would', 'never', 'trust', 'thum', 'ordinary', 'singaporean', 'believe', 'thum', 'fighting', 'interests', 'singapore', 'singaporeans', 'however', 'kind', 'malayan', 'sentiment', 'accepted', 'separation', 'cast', 'stone', 'they', 'resources', 'would', 'educate', 'chinese', 'indians', 'treat', 'citizens', 'equal', 'even', 'better', 'would', 'happy', 'rejoin', 'them', 'former', 'foreign', 'minister', 'george', 'considers', 'thats', 'george', 'harry', 'traitorous', 'scum', 'like', 'thum', 'people', 'especially', 'thum', 'past', 'conduct', 'context', 'surrounding', 'statements', 'beliefs', 'provide', 'important', 'perspective']",singapore
e5d1k3t,/r/singapore/comments/9crqp2/pj_thum_says_he_is_not_a_traitor_but_suspicions/e5d1k3t/,pizzapiejaialai,"['reason', 'repost', 'thread', 'mysteriously', 'made', 'invisible', 'people', 'unknownmods']",singapore
e5d6nxi,/r/singapore/comments/9crqp2/pj_thum_says_he_is_not_a_traitor_but_suspicions/e5d6nxi/,horsetrich,"['disagree', 'first', 'para', 'point', 'rest', 'wrote', 'people', 'need', 'realise', 'identity', 'fluid', 'constructed', 'just', 'person', 'claim', 'singaporean', 'christian', 'also', 'singaporean', 'malayan', 'honestly', 'know', 'whats', 'deal', 'comments', 'rife', 'siege', 'mentality', 'like', 'singaporeans', 'cant', 'wait', 'start', 'losing', 'malaysia', 'rabid', 'nationalism', 'disease', 'needs', 'addressed']",singapore
e5d91wc,/r/singapore/comments/9crqp2/pj_thum_says_he_is_not_a_traitor_but_suspicions/e5d91wc/,cowbungaa,"['just', 'person', 'claim', 'singaporean', 'christian', 'also', 'singaporean', 'malayan', 'analogy', 'conflating', 'nationality', 'religion']",singapore
e5dacnd,/r/singapore/comments/9crqp2/pj_thum_says_he_is_not_a_traitor_but_suspicions/e5dacnd/,Frogsama86,"['just', 'person', 'claim', 'singaporean', 'christian', 'also', 'singaporean', 'malayan', 'what', 'religion', 'malayan', 'belong']",singapore
e5dg23l,/r/singapore/comments/9crqp2/pj_thum_says_he_is_not_a_traitor_but_suspicions/e5dg23l/,horsetrich,"['point', 'identity', 'exclusive', 'doesnt', 'matter', 'whether', 'religion', 'nationality']",singapore
e5dg3gu,/r/singapore/comments/9crqp2/pj_thum_says_he_is_not_a_traitor_but_suspicions/e5dg3gu/,horsetrich,[],singapore
e5dgbkq,/r/singapore/comments/9crqp2/pj_thum_says_he_is_not_a_traitor_but_suspicions/e5dgbkq/,Frogsama86,"['then', 'actual', 'comparison', 'even', 'work', 'context']",singapore
e5di5ez,/r/singapore/comments/9crqp2/pj_thum_says_he_is_not_a_traitor_but_suspicions/e5di5ez/,PandaEyes,"['what', 'french', 'european', 'mexican', 'american', 'danish', 'skandinavian']",singapore
e5dj1le,/r/singapore/comments/9crqp2/pj_thum_says_he_is_not_a_traitor_but_suspicions/e5dj1le/,Frogsama86,['hard'],singapore
e5e4ugk,/r/singapore/comments/9crqp2/pj_thum_says_he_is_not_a_traitor_but_suspicions/e5e4ugk/,PandaEyes,"['talking', 'right', 'person']",singapore
e5euds7,/r/singapore/comments/9d07z8/rsingapore_random_discussion_and_small_questions/e5euds7/,jajajqjqjqjq,"['parents', 'still', 'think', 'young', 'boyfriend', 'truth', 'together', 'since', 'keep', 'lying', 'gtgt', 'gets', 'inconvenient', 'whereabouts']",singapore
e5euuds,/r/singapore/comments/9d07z8/rsingapore_random_discussion_and_small_questions/e5euuds/,three8six9,"['think', 'generally', 'parents', 'mind', 'daughter', 'afraid', 'theyll', 'pregnant', 'young']",singapore
e5ev7po,/r/singapore/comments/9d07z8/rsingapore_random_discussion_and_small_questions/e5ev7po/,Dr-Vijay,"['hide', 'years', 'already', 'that', 'when', 'fact', 'almost', 'years', 'super', 'tiring', 'think', 'suspected', 'maybe', 'different']",singapore
e5ew11t,/r/singapore/comments/9d07z8/rsingapore_random_discussion_and_small_questions/e5ew11t/,Pesantkie,"['told', 'boyfriend', 'finishes', 'years', 'later']",singapore
e5ewgvq,/r/singapore/comments/9d07z8/rsingapore_random_discussion_and_small_questions/e5ewgvq/,Orangecuppa,"['parents', 'tune', 'change', 'past', 'certain', 'want', 'want', 'want', 'happening', 'sister', 'shes']",singapore
e5ex42i,/r/singapore/comments/9d07z8/rsingapore_random_discussion_and_small_questions/e5ex42i/,totoybibo,[],singapore
e5exjc5,/r/singapore/comments/9d07z8/rsingapore_random_discussion_and_small_questions/e5exjc5/,Zelmier,"['inside', 'maybe', 'think', 'fine', 'cultural', 'belief', 'always', 'early', 'probably', 'stopping', 'accepting', 'since', 'longterm', 'already', 'bring', 'dinner', 'occasionally', 'sooner', 'later', 'object', 'much']",singapore
e5exkze,/r/singapore/comments/9d07z8/rsingapore_random_discussion_and_small_questions/e5exkze/,Zelmier,"['parents', 'always', 'fear', 'daughters', 'taken', 'advantage']",singapore
e5exmfx,/r/singapore/comments/9d07z8/rsingapore_random_discussion_and_small_questions/e5exmfx/,Dr-Vijay,['intro'],singapore
e5f0llu,/r/singapore/comments/9d07z8/rsingapore_random_discussion_and_small_questions/e5f0llu/,max-torque,"['become', 'pregnant', 'keep']",singapore
e5f2rgf,/r/singapore/comments/9d07z8/rsingapore_random_discussion_and_small_questions/e5f2rgf/,Rockylol_,"['just', 'tell', 'hanging', 'friends', 'strict', 'allow', 'hang', 'friends']",singapore
e5f3101,/r/singapore/comments/9d07z8/rsingapore_random_discussion_and_small_questions/e5f3101/,woahsehhoseh,"['remember', 'situation', 'cept', 'think', 'tell', 'them', 'course', 'theyd', 'still', 'worried', 'mainly', 'daughters', 'safety', 'unwanted', 'pregnancy']",singapore
e5f6xm5,/r/singapore/comments/9d07z8/rsingapore_random_discussion_and_small_questions/e5f6xm5/,OneScrewLoose_,"['couplepair', 'friends', 'primary', 'school', 'girl', 'liked', 'since', 'around', 'girls', 'mother', 'strict', 'think', 'together', 'secretly', 'their', 'wedding', 'coming', 'later', 'month', 'invited']",singapore
e5f7lgw,/r/singapore/comments/9d07z8/rsingapore_random_discussion_and_small_questions/e5f7lgw/,jlonso,"['then', 'years', 'later', 'find', 'xiao', 'sads']",singapore
e5f7mon,/r/singapore/comments/9d07z8/rsingapore_random_discussion_and_small_questions/e5f7mon/,Pesantkie,"['going', 'tell', 'parents', 'going', 'forever', 'alone', 'able']",singapore
e5f7n28,/r/singapore/comments/9d07z8/rsingapore_random_discussion_and_small_questions/e5f7n28/,jlonso,['feelsbadman'],singapore
e5f7poa,/r/singapore/comments/9d07z8/rsingapore_random_discussion_and_small_questions/e5f7poa/,Pesantkie,"['unless', 'allow', 'marry', 'vietnam', 'kind', 'sinkie']",singapore
e5fbi5q,/r/singapore/comments/9d07z8/rsingapore_random_discussion_and_small_questions/e5fbi5q/,eilletane,"['happened', 'first', 'afraid', 'rape', 'something', 'then', 'broke', 'clubbing', 'days', 'thought', 'hooker', 'when', 'turned', 'asked', 'going', 'give', 'grandkids', 'moved', 'marry', 'shock', 'found', 'sleeping', 'what', 'want', 'woman']",singapore
e5fbmi1,/r/singapore/comments/9d07z8/rsingapore_random_discussion_and_small_questions/e5fbmi1/,eilletane,"['yeah', 'went', 'parents', 'also', 'wanted', 'meet', 'good', 'friend', 'college', 'back', 'singapore', 'since', 'parents', 'interest', 'life', 'know', 'friends', 'although', 'invited', 'many', 'times', 'christmas', 'since', 'girl', 'definitely', 'rape', 'words', 'instead', 'able', 'enjoy', 'long', 'time', 'friend', 'seen', 'years', 'tagged', 'along', 'really', 'awkward', 'also', 'longest', 'summer', 'days', 'gave', 'curfew', 'still', 'city', 'never', 'sleeps', 'never', 'experience', 'night']",singapore
e5fbpe6,/r/singapore/comments/9d07z8/rsingapore_random_discussion_and_small_questions/e5fbpe6/,eilletane,"['told', 'friend', 'haha', 'still', 'thinks', 'soft', 'funny', 'thing', 'allows', 'female', 'friends', 'stay', 'male', 'friends', 'know', 'also', 'like', 'women', 'checkmate']",singapore
e5fbsmc,/r/singapore/comments/9d07z8/rsingapore_random_discussion_and_small_questions/e5fbsmc/,eilletane,"['true', 'parents', 'always', 'something', 'worry', 'about', 'when', 'first', 'afraid', 'pregnant', 'interestingly', 'never', 'bothered', 'teach', 'safe', 'found', 'pill', 'even', 'mean', 'want', 'pregnant', 'want', 'which', 'means', 'seems', 'want', 'single', 'virgin', 'find', 'married', 'kids', 'right', 'away']",singapore
e5fcf1i,/r/singapore/comments/9d07z8/rsingapore_random_discussion_and_small_questions/e5fcf1i/,Raphi_Ainsworth,[],singapore
e5fcfld,/r/singapore/comments/9d07z8/rsingapore_random_discussion_and_small_questions/e5fcfld/,Raphi_Ainsworth,"['parents', 'take', 'discovered', 'coming', 'closet']",singapore
e5fcg8o,/r/singapore/comments/9d07z8/rsingapore_random_discussion_and_small_questions/e5fcg8o/,Raphi_Ainsworth,['baby'],singapore
e5fd6j5,/r/singapore/comments/9d07z8/rsingapore_random_discussion_and_small_questions/e5fd6j5/,woahsehhoseh,"['wait', 'what', 'straight']",singapore
e5fdx90,/r/singapore/comments/9d07z8/rsingapore_random_discussion_and_small_questions/e5fdx90/,jajajqjqjqjq,"['nice', 'hopefully', 'mine', 'turn']",singapore
